dish	occurance
rice	15061
chicken	9335
beef	5079
pork	4387
shrimp	4064
oca	3938
fried rice	3663
meat	3293
asti	2415
salt	2188
dim sum	1899
buffet	1885
egg roll	1744
wonton	1606
dumplings	1569
orange chicken	1190
seafood	1183
broccoli	1159
tuna	1149
garlic	1131
chinese food	1085
onion	1039
noodle soup	1032
beans	931
mushroom	864
spring roll	861
toma	844
bra	799
asino	796
chow mein	758
cookie	682
soy sauce	679
cheese	678
gur	674
nuts	634
fast food	630
dal	613
hot and sour soup	584
mushrooms	569
lemon	562
white rice	560
honey	550
lo mein	548
steak	537
black bean	536
lobster	521
wonton soup	519
won ton	456
brown rice	448
strip mall	443
ice cream	438
rice noodle	407
the orange chicken	406
deep fried	399
salt and pepper	388
sesame chicken	381
green onion	361
fried chicken	360
green bean	346
menta	346
cucumber	343
calamari	341
pork belly	338
pici	336
dipping sauce	332
pork chop	332
lamb	329
chicken wings	319
ada	315
green beans	306
mongolian beef	306
fortune cookie	302
hot pot	302
dried	301
cream cheese	294
peas	285
chicken fried	282
rice noodles	272
sandwich	265
squid	260
stir fry	254
sage	248
sea bass	245
steamed rice	243
salmon	240
garlic sauce	239
iced tea	233
chili sauce	233
black beans	230
credit card	220
bok choy	217
kung pao chicken	217
sweet and sour sauce	215
green tea	214
basil	205
sweet and sour pork	204
pizza	203
main course	201
burrito	197
sticky rice	194
congee	193
pork chops	191
stir fried	189
riso	180
green onions	179
hot sauce	175
beef chow fun	175
brown sauce	170
comfort food	169
roti	169
spare ribs	167
sushi rolls	165
wonton noodle	165
tripe	163
potatoes	160
dimsum	160
spinach	158
honey walnut	155
panda express	155
fish tank	154
bell pepper	154
egg foo young	154
chile	151
short rib	148
pita	147
cashew chicken	145
bacon	139
oyster sauce	137
black pepper	137
vermicelli	136
food court	135
salsa	128
peanut sauce	127
pears	125
filet	118
shaved ice	117
bean curd	116
food poisoning	113
mint	112
language barrier	107
condensed milk	107
fried egg	102
miso soup	100
rice cake	99
asparagus	99
bell peppers	98
mele	97
meatball	91
pere	89
guacamole	88
green pepper	88
fish sauce	86
chili pepper	85
gluten free	84
fish ball	82
fruits	79
jade chicken	78
fried fish	77
with black bean sauce	77
of garlic	76
coconut milk	75
chinese buffet	74
red pepper	73
date night	72
char siu	72
mussels	71
red chili	71
hoisin sauce	71
truffle	71
soy milk	69
sesame seed	68
pasta	68
peking duck	67
salad bar	66
pork ribs	66
zucchini	65
sweet potato	64
duck sauce	62
hong kong	61
mu shu	60
refried beans	59
pepper steak	59
spaghetti	59
credit cards	58
sesame seeds	58
chicken soup	55
chop suey	55
chicken rice	55
tom yum	55
soft drink	55
bay area	54
general tso's chicken	53
strawberries	53
sesame oil	52
octopus	51
beef broccoli	51
asian cuisine	51
saving grace	50
shark fin	48
cash register	48
mapo tofu	48
peanut butter	48
lo mien	47
prime rib	47
chips and salsa	46
kobe beef	45
frog legs	45
jasmine tea	44
chocolate cake	43
braised pork	43
almond chicken	41
corn starch	41
mixed vegetable	41
acqui	40
foie gras	40
great taste	39
ribeye	39
napa cabbage	39
chicken skewer	39
food truck	39
red rice	38
red peppers	38
vada	37
mexican food	37
margaritas	37
twice cooked pork	36
filet mignon	35
soft drinks	34
soft serve	34
hot dog	34
apples	33
hot n sour soup	32
street food	32
elba	32
white sauce	32
the dimsum	31
sweet soy	31
general chicken	31
bitter melon	31
rice paper	31
egg white	31
mashed potato	31
food allergies	30
french fries	30
mashed potatoes	29
sea salt	29
litti	29
the stir fry	29
california roll	28
guilty pleasure	28
soda fountain	28
lard	28
tap water	28
pf chang	27
beef tongue	26
bubble tea	26
chorizo	26
red onion	26
king crab	26
bone marrow	26
double check	26
bachelorette party	26
passion fruit	26
diet coke	26
onion rings	25
beef tenderloin	25
jasmine rice	25
hash browns	25
pork chop rice	24
dive bar	24
lazy susan	24
fondue	24
dumplings the	24
fried dough	24
star anise	24
iceberg lettuce	24
mu shu pork	23
pulled pork	23
scrambled eggs	23
chinese sausage	23
penda	23
creme brule	23
debit card	23
light rail	22
lotus root	22
dried shrimp	22
wonton strips	22
food chain	22
chocolate mousse	22
standard chinese	22
sushi samba	22
roti canai	22
salad dressing	22
shrimp paste	21
ravioli	21
creme brulee	21
deep fried shrimp	21
chinese cuisine	20
air conditioning	20
duck soup	20
red wine	20
sugar cane	20
shark fin soup	20
beef rice	19
home run	19
vanilla ice	19
pickles	19
rush hour	19
tomato sauce	19
frozen food	18
veal	18
winter melon	18
powdered sugar	18
white pepper	18
white wine	17
prix fixe	17
hockey puck	17
coconut chicken	17
vanilla ice cream	17
corn tortilla	17
great wall	17
mixed drink	17
glutinous rice	17
xo sauce	17
goose	16
lobster tail	16
food critic	16
fresh air	15
linguine	15
thai curry	15
hot plate	15
bottled water	15
chocolate chip	15
melted cheese	15
lamb chops	15
fast casual	15
shrimp soup	14
tourist trap	14
olive	14
identity crisis	14
key lime	14
pork blood	14
rock hard	14
oolong tea	14
century egg	14
alba	14
sin city	14
eggplants	14
beans and rice	13
mozzarella	13
red bean soup	13
puri	13
taco bell	13
small salad	13
macaroni	13
tiramisu	13
boba milk	13
clay pots	13
fine dining restaurant	13
carnitas tacos	13
mai tai	12
poached egg	12
enchilada	12
style dim	12
shopping mall	12
whipped cream	12
french toast	12
gold coast	12
carrot cake	12
the fried rice and the	12
americanized chinese food	12
regular noodles	12
gelato	12
parsley	11
roast beef	11
security guard	11
pork and veggies	11
hot dogs	11
pine nuts	11
family owned business	11
mole sauce	11
banana leaf	11
low carb	11
white chocolate	11
green salad	11
rocket	11
fruit salad	11
amarone	10
kabob	10
eggs benedict	10
cast iron	10
flat bread	10
bachelor party	10
carne	10
waiting staff	10
pastor	10
blood orange	10
flank steak	9
apple pie	9
baked potato	9
pinni	9
the chicken skewer	9
kabobs	9
sardine	9
pesto	9
sour cream	9
sweet corn	9
fast food chain	9
cheddar cheese	9
red snapper	9
celebrity chef	9
the refried beans	9
more frequently	9
tsao's chicken	9
kick ass	8
enchiladas	8
chili powder	8
self service	8
ground beef	8
beef carpaccio	8
house music	8
high roller	8
red velvet cake	8
carne asada	8
hard boiled egg	8
snails	8
potato chip	8
dungeness crab	8
sausages	8
birthday girl	8
punch card	8
penne	8
egg yolk	7
tuna tartare	7
jerk fried rice and black	7
chinese noodles	7
pepperoni	7
olives	7
parmesan	7
cauliflower	7
bari	7
cotton candy	7
cuttlefish	7
al pastor	7
romaine lettuce	7
fettuccine	7
buffalo wings	6
inferno	6
chocolate syrup	6
won ton and	6
pot roast	6
half chicken	6
tortilla chips	6
movie theater	6
spicy salsa	6
japanese food	6
anchovies	6
san francisco	6
bobo brazil	6
french bread	6
smoked salmon	6
arugula	6
dandan noodles	6
grilled octopus	6
spinach salad	5
crispy kau	5
die hard	5
lemon juice	5
fennel	5
hip hop	5
dim sim	5
alici	5
rice pudding	5
panna cotta	5
absolutely fabulous	5
cantonese cuisine	5
white bread	5
bloody mary	5
junk food	5
coca cola	5
finger food	5
service oriented	5
fine print	5
heart attack	5
ginger beef	5
the beef rice	5
meat tender	5
corn dog	5
los angeles	5
fountain hills	5
chicken breasts	5
sweet pea	5
neo tokyo	5
health food	5
speck	4
xiaolongbao	4
idli	4
cong you bing	4
grilled vegetables	4
cream dessert	4
root beer	4
blue cheese	4
smoked ham	4
timo	4
spring training	4
kebab	4
chinese american	4
baozi	4
cottage cheese	4
mantou	4
customer experience	4
naan	4
ginger ale	4
freshly squeezed	4
assembly line	4
lamb tender	4
duck confit	4
monte carlo	4
pork loin	4
skirt steak	4
hot chocolate	4
garden salad	4
classic rock	4
the gai lan	4
risotto	4
potato chips	4
big night	4
stained glass	4
tomato soup	4
gazpacho	4
chocolate glaze	4
love happy	4
downtown phoenix	3
butter chicken	3
camaron	3
provolone	3
youtiao	3
strudel	3
tin foil	3
steak medium	3
thai cuisine	3
key lime pie	3
free range	3
goat cheese	3
hainanese chicken rice	3
clam chowder	3
cirque du soleil	3
and a lemon	3
rice chicken	3
white mushrooms	3
balsamic vinegar	3
vindaloo	3
lasagna	3
flautas	3
san gabriel	3
lactose intolerant	3
olive garden	3
black rice	3
pizza hut	3
orange county	3
mac and cheese	3
growing pains	3
potato salad	3
puffed rice	3
samosa	3
cherry blossom	3
mahi mahi	3
bread crumbs	3
water feature	3
tea egg	3
mandalay bay	3
small tacos	3
bread pudding	3
flip flops	2
mexican cuisine	2
lake mead	2
patra	2
milk chocolate	2
long island	2
canadian bacon	2
in n out	2
grilled tomato	2
cantonese restaurant	2
sweet roll	2
taco has	2
cheesecake factory	2
pita bread	2
the mongolian beef and the	2
trotte	2
sun city	2
art deco	2
peda	2
grilled lamb	2
ice cream sandwich	2
butternut squash	2
graham cracker	2
momo	2
casa grande	2
deep fried fish	2
hard rock	2
frou frou	2
el pollo loco	2
amuse bouche	2
chicken fried steak	2
san gabriel valley	2
bow tie	2
white trash	2
sea scallops	2
mascarpone	2
shaobing	2
khar	2
corned beef	2
lobster bisque	2
olive tapenade	2
super bowl	2
dress code	2
bowl of salsa	2
valet parking	2
cool spot	2
great white	2
shiro	2
caesar salad	2
falafel	2
cave creek	2
kitchen sink	2
christmas eve	2
baba	2
upma	2
cream pie	2
swap meet	2
salami	2
game hen	2
planet hollywood	2
sunday brunch	2
salisbury steak	2
steak and chicken	2
ricotta	2
malaysian cuisine	2
breadsticks	2
granita	2
clam sauce	1
chinese culture	1
shish kabob	1
pound cake	1
lazy sunday	1
sports game	1
braised abalone	1
thyme	1
rosemary	1
lentil soup	1
tomatoes and onions	1
italian sausage	1
circus circus	1
spanish rice	1
goulash	1
mole chicken	1
olive oil	1
and pickles	1
dried fruit	1
pea puree	1
monday night	1
chinese chicken salad	1
lamian	1
barfi	1
cornish hen	1
gnocchi	1
bay leaves	1
baby food	1
yui shan	1
their garlic sauce	1
bridal shower	1
god forbid	1
prosecco	1
southern california	1
slow food	1
deer valley	1
crispy kau chee	1
wine tasting	1
brussels sprout	1
wild rice	1
basmati rice	1
jiaozi	1
malga	1
asian american	1
lamb shank	1
lentils	1
middle eastern	1
united states	1
monterey park	1
stir frying	1
carne asada tacos	1
new york style chinese	1
lasagne	1
american cheese	1
couscous	1
chicken garlic	1
soy egg	1
bolognese sauce	1
del taco	1
molecular gastronomy	1
guotie	1
mint tea	1
frutti	1
indian cuisine	1
bruschetta	1
sea urchin	1
strawberry shortcake	1
designated driver	1
halo halo	1
garlic dip	1
marinara sauce	1
chick peas	1
rock candy	1
polenta	1
sauerkraut	1
chickpeas	1
ghari	1
pappardelle	1
biryani	1
swordfish	1
guanciale	1
kool aid	1
tater tots	1
english muffin	1
caramelized onions	1
middle east	1
oregano	1
cheese pie	1
white cut chicken	1
veggie burger	1
home fries	1
sopa	1
diners drive ins and dives	1
short rib tacos	1
profiterole	1
ciabatta	1
humble pie	1
porcini mushrooms	1
fish fry	1
chicken fajitas	1
huevos rancheros	1
capers	1
kanji	1
gyro fries	0
bucatini	0
biscuit tortoni	0
capperi	0
pressed beef cartilage seasoned with onions	0
pignoletto	0
mason jar	0
pancetta	0
stuffed grape	0
scallops sea	0
truffle roasted	0
tartare tuna	0
miele	0
sichuan hotpot	0
appam	0
chingri bhape	0
fries gyro	0
gheela pitha	0
alu pitika	0
rice and peas	0
kesar petha	0
farinata	0
culatello	0
orzo	0
risotto con agoni	0
cartoccio di pesce spada	0
soppressata	0
kharoli	0
soave	0
chaulai saab	0
kalathappam	0
table wine	0
demi glace	0
dal fry with tadka	0
rosemary and onion focaccia	0
kesari	0
val di chiana	0
chef boyardee	0
phirni	0
risotto allo zafferano con petto danatra	0
tajine	0
crocchè	0
pizza oregano and garlic	0
latteria	0
nasello al forno	0
schiacciata	0
vitello	0
kuzhakkattai	0
bucatini coi fungh	0
pansotti alla genovese	0
loskora	0
mathura ke pede	0
mushrooms and sausages	0
formai de mut dellalta valle brembana	0
nero d'avola	0
hummus plate	0
klotznnudl	0
orate al forno	0
strozzapreti	0
a type of huge ravioli	0
cavolfiore	0
risotto alla milanese	0
masor koni	0
cappon magro	0
cotechino friulano or musèt	0
alici sardine anguilla marinate	0
pasta al pesto	0
banana tiramisu	0
khandvi	0
lai haq maas	0
akki rotti	0
charred eggplant	0
dabeli	0
dean martin	0
borlotti beans	0
pepata di cozze	0
wedding cake	0
pesce spada	0
bel paese	0
pezzetti di cavallo	0
bisi bele bath	0
azteca soup	0
tandoor bread	0
sun prairie	0
panjeeri	0
dudhi no halwo	0
riso alla toscana	0
meat gyro	0
crostoli, crostui	0
carne pizzaiola	0
skee ball	0
trofie al sugo di noci	0
primo sale	0
paneer tikka	0
la bamba	0
kabob lula	0
cacciatore	0
benne dosa	0
shankarpali	0
molasses bbq	0
daal puri	0
panino	0
stracchino	0
rosso di montefalco	0
gud papdi	0
chingri malai curry	0
keerai masiyal	0
black and green olives	0
mother india	0
pizzette e salatini	0
scampi lentil	0
prosciutto di parma	0
namak para	0
puttu	0
bardolino	0
pesce alla pizzaiola	0
ajo blanco	0
latterino fritto	0
valpolicella	0
bread tapenade	0
lacryma cristi	0
ariselu	0
varuval	0
rosgulla	0
tzatziki	0
rongi	0
spaghetti alla carbonara	0
flattened rice	0
sheermal	0
sattu ki roti	0
spinaci	0
neer dosa	0
insalata caprese	0
trippa	0
cotoletta alla milanese	0
obbattu	0
guy fieri	0
rice lamb	0
curried braised rabbit stew	0
scansano	0
rice koobideh	0
cicoria	0
rat pack	0
bone in ribeye	0
cheera doi	0
crotonese	0
margherita pizza	0
piselli	0
patate e cozze	0
soonvali	0
involtini di pesce	0
jersey shore	0
pakhala	0
tazzelenghe	0
and grape juice[9]	0
acciughe fritte in pastella	0
spiedini di anguilla	0
ragù alla salsiccia	0
orata arrosto	0
ditalini	0
aglio	0
amriti with rabdi	0
sierra nevada	0
rumali roti	0
undhiyu	0
crescenza	0
bread onion	0
hando guri	0
pani pitha	0
tagliarini	0
wolfgang puck	0
half baked	0
las vegas strip	0
cream pistachios	0
rocchetta	0
chicken shwarma	0
jeera aloo	0
carpaccio beef	0
rajma	0
pita fries	0
colli etruria centrale	0
seppie	0
mamma mia	0
tortilla flat	0
liptauer	0
pansotti	0
sauce tzatziki	0
bonarda	0
khakhra	0
acquadella fritta	0
poha	0
pestat	0
scuete fumade	0
tomatoes onions	0
pasta e fagioli	0
ros omelette	0
filet koobideh	0
stella artois	0
murgh musallam	0
stracciatella	0
seppie con i piselli	0
solopaca	0
gatta curry	0
squid chickpeas	0
risotto al barolo	0
feta cheese	0
spiedini di alici	0
san francisco bay	0
wheat upma	0
macedonia	0
hummus	0
shrimp lentil	0
crab beignets	0
pizza margherita	0
risotto ai quattro sapori	0
chongqing specify deep-fried chicken	0
puran poli	0
halwakadoo	0
pane casareccio	0
herbed feta dip	0
methi saag	0
chhenagaja	0
gajar ka halwa	0
oltrepò pavese	0
thengai sadam	0
kadai paneer	0
tikona	0
bajri no rotlo	0
khorisa	0
small fruits	0
neccio	0
musèt	0
chhenapoda	0
masor tenga	0
sugo al pomodoro	0
prosciutto flat	0
mushroom risotto	0
bajji	0
pani puri	0
dal makhani	0
cash money	0
indian omelette	0
aloo shimla mirch	0
ed hardy	0
frittura mista di pesce	0
raschera	0
casu modde	0
risotto mushroom	0
chikkolee	0
prosciutto figs	0
pesce spada alla siciliana	0
koldil chicken	0
spaghetti con la bottarga	0
el paso	0
riso al nero di seppia	0
pandoro	0
lonza	0
angel wings	0
sevai lunch	0
hand made corn tortillas	0
tortiera di cozze	0
taleggio	0
riso con i porcini	0
gavi	0
focaccia	0
cured pork jowl	0
friulano	0
crostui	0
tortelloni alla zucca	0
sformato di riso dolce	0
amritsari fish	0
shangri la	0
finocchio	0
laddu	0
soup tomato	0
parrina	0
sakkara pongal	0
englishs olives	0
gyro	0
panzarotti	0
pane carasau	0
pane pugliese	0
acqua pazza	0
pesce al cartoccio	0
agrodolce	0
franciacorta	0
pale ale	0
sunga pitha	0
presnitz	0
abbacchio brodettato	0
taurasi	0
pitha	0
ghooghra	0
san gimignano	0
pizza mozzarella and anchovy	0
tahini spread	0
dahi puri	0
payokh	0
katha meetha petha	0
ou tenga maas	0
octopus squid	0
cholafali	0
seppioline in umido	0
thayir sadam	0
olive spread	0
kinnathappam	0
peperoni	0
steak tartare	0
panettone	0
hari mutter ka nimona	0
kosambari	0
jhal-mu?i	0
pea pureesweet	0
marrubini	0
chicken pasta	0
tonno	0
basilico	0
putizza and pinza	0
crocche	0
mexican flag	0
without salt	0
persian stew	0
cacioricotta	0
dum aloo	0
botargo	0
jolada rotti	0
olives dish	0
pinzillacchere	0
sanna	0
conchiglie	0
tiella di riso	0
totano imbottito	0
phulka	0
dum aaloo	0
tagliatelle alla boscaiola	0
sour cream and guacamole	0
panelle di ceci	0
burrini	0
rice meat	0
eliche	0
asparagi bianchi e verdi	0
dhup pitha	0
caciocavallo	0
farro	0
wrap parsley	0
salted cod	0
mad men	0
carignano	0
gajar matar aloo	0
calamintha nepeta	0
newport beach	0
biscotti	0
cjarsons	0
montescudaio	0
bombil fry	0
rose water	0
muffuletta	0
calamaretti fritti	0
keerai poriyal	0
pizza quattro formaggi	0
chimichanga	0
belly dancer	0
bharwaan baigan	0
mushroom do pyaza	0
khaman	0
muri naaru	0
pizza capricciosa	0
sweet pethas	0
sev mamra	0
parma ham	0
gianduiotto and gianduia	0
pinoli	0
murukku	0
arancini	0
pestât	0
peperoni imbottiti	0
currivepillai sadam	0
stuffed calamari in tomato sauce	0
risotto alla zucca	0
bistecca fiorentina	0
ciabusco ciabusco	0
abbacchio alla cacciatora	0
cannolo siciliano	0
home made chips	0
grand canal	0
the chicken kabob was	0
pakora	0
pita jungle	0
pignolo	0
chicken tikka	0
saltimbocca alla romana	0
shahi tukra	0
anarsa	0
sarde ripiene	0
biga	0
crauti	0
capperi and anchovy	0
bora sawul	0
fiore sardo	0
barbera	0
rigatoni al forno con salsa aurora	0
cut mirchi bajji	0
baba ghanoush	0
ramatori subji	0
colli tortonesi	0
india gate	0
kuzhambu	0
goulash or gulash	0
sajjige	0
laapsi	0
piacentinu	0
carpaccio di pesce	0
falerno del massico	0
bhatoora	0
bucatini all amatriciana	0
yui shan chicken	0
salsiccia cruda	0
marille	0
moroccan tea	0
kulcha	0
murena fritta	0
grine sauce	0
risotto al cavolfiore	0
neapolitan pizza	0
rosetta	0
hulatang	0
tiramisu banana	0
hurum	0
figs prosciutto	0
pav bhaji	0
rye bread	0
mosaranna	0
calamari in zimino	0
spaghetti alla chitarra	0
cold pizza	0
pakwan	0
kaara kozhambu	0
magaj	0
brodo	0
lenticchie	0
bozza pratese	0
cilantro jalape	0
panipuri	0
bigoli	0
shrimp fra diavolo	0
tapenade green	0
methi na gota	0
speck friulano di sauris	0
prosciutto affumicato	0
sardine marinate	0
sabudana khichadi	0
verdure in pinzimonio	0
chevdo	0
anguilla marinate	0
masor petu	0
olive tree	0
cacciucco	0
taftan	0
tapenade bread	0
dongpo braised pork	0
pecorino di fossa	0
triple sec	0
refosco dal peduncolo rosso	0
asparagi bianchi e verdi asparagus	0
italian margarita	0
salad lettuce	0
flat breads	0
lukhmi	0
pita falafel	0
e fagioli	0
anguilla	0
navrattan korma	0
chicken shawerma	0
pinot noir	0
piccoli frutti	0
agghiotta di pesce spada	0
laddoo	0
donna fugata	0
mahi mahi fish	0
pane di genzano	0
aloo baingan masala	0
pollo asada	0
moddizzosu	0
stoccafisso alla ligure	0
mexican street tacos	0
cake boss	0
pollo asado	0
hummus dip	0
tacos al pastor	0
gobhi matar	0
pollo alla cacciatora	0
karela bharta	0
bhoonja	0
lagana	0
asida	0
tonnarelli	0
banana chips	0
orvieto	0
mishti chholar dal	0
ciceri e tria	0
lauki ki subji	0
ritz carlton	0
cozze fritte alla viareggina	0
bagna càuda	0
monte re	0
pesce a scabecciu	0
moong dal ka halwa	0
pooran-poli	0
radicchio	0
falafel sandwich	0
salsiccia	0
ramandolo	0
sausages including salsiccia cruda	0
pomodori col riso	0
acquadella o latterino fritto	0
nocce	0
stuffed pizza	0
naked city	0
prosciutto and melon	0
sous vide	0
bagna cauda	0
conegliano veneto	0
locha	0
sagrantino	0
peter piper	0
kadhi pakoda	0
linguini with clam sauce	0
mario batali	0
el segundo	0
cipolla	0
cuban sandwich	0
poriyal	0
hummus falafel	0
carciofi alla romana	0
sarde sfiziose panate	0
queen creek	0
pizza quattro stagioni	0
lula shish	0
bucatini coi funghi	0
flatbread olives	0
grechetto	0
feta salad	0
koottu	0
slattato	0
olives carpaccio	0
extra virgin olive oil	0
kachori	0
colline lucchesi	0
prosciutto di san daniele	0
konir dom	0
bhajji	0
pongal	0
torta caprese	0
zabaglione	0
artichokes	0
fragguno	0
filatieddi	0
ragusano	0
avial	0
shrimp enchiladas	0
olives pita	0
sohan papdi	0
trote	0
sutarfeni	0
stelline	0
deep dish	0
boreto	0
greco di tufo	0
risotto ai gamberoni	0
butternut ravioli	0
carne asada taco's	0
tortano	0
baccalà	0
caprino	0
minestrone	0
great dane	0
chakodi	0
paratha	0
italian beef	0
cassata siciliana	0
fra diavolo	0
valdobbiadene	0
cappelletti	0
carbonara spaghetti	0
spaghetti alla carrettiera	0
tomato and mozzarella pizza	0
casecc	0
caponata	0
warm pita bread	0
ragi rotti	0
goli bajje	0
baccala	0
tagliatelle ai funghi	0
festoni	0
spaghetti siracusani	0
pizzoccheri	0
parotta	0
moussaka	0
beef ground	0
baccalà fritto	0
la scala	0
yogurt cucumber	0
pane rustico	0
stuffed food	0
crostini	0
trebbiano d'abruzzo	0
luna rossa	0
italian wine	0
los olivos	0
boscaiola	0
gordon ramsay	0
val di cornia	0
sevai	0
burger truffle	0
kothamali sadam	0
zhajiangmian	0
florentine beefsteak	0
strucchi or struki	0
risotto alla sbirraglia	0
fried small mozzarellas	0
mushrooms pizza	0
risotto with saffron	0
zongzi	0
yogurt dip	0
maccu	0
fruit with pastry	0
bitto	0
fritto misto di pesce	0
olio e peperoncino	0
punugulu	0
apache junction	0
aloo gobi	0
patate	0
sabzi	0
gila bend	0
sloppy joe	0
falafel wrap	0
puzzone di moena	0
strolghino	0
pizza marinara	0
gluten free pizza	0
kabob ground	0
tagliatelle	0
vegetable biryani	0
leaves stuffed	0
batata vada	0
strangozzi	0
march madness	0
beer bar	0
red bull	0
moscardini lessati alla genovese	0
valle di arbia	0
kabob beef	0
fusilli	0
pindi chana	0
mohanthal	0
cream based	0
mortadella	0
baati	0
pane di altamura	0
seppie col nero alla veneziana	0
sammy hagar	0
falafel hummus	0
tagliatelle al ragu	0
dogfish shark	0
paccheri	0
aloo ki tikki	0
dolma	0
mushroom matar	0
lazio	0
bavette	0
prosciutto	0
middle eastern cuisine	0
big star	0
colli euganei	0
dhebra	0
koshambri	0
chiacchiere	0
cable car	0
chicken shawarma	0
mysore pak	0
butternut tortelli	0
tandoori chicken	0
tagliatelle al pomodoro	0
tagliatelle al ragù	0
paradise valley	0
with or without tomato.	0
colomba pasquale	0
spaghetti indiavolati	0
baba ghanouj	0
ribolla gialla	0
paneer tikka masala	0
handwo	0
aloo methi	0
ricotta sausage	0
orecchiette	0
tagliatelle ai carciofi	0
south india	0
peperonata	0
jose cuervo	0
olive green	0
pani tenga	0
buridda	0
ragi mudhe	0
tenga doi	0
fruit preserves made with vinegar	0
ravioli butternut	0
prezzemolo	0
palappam	0
ghever	0
olives tapenade	0
malpua	0
cannelloni al ragu	0
gnocchi di semolino	0
castelmagno	0
olive bread	0
van buren	0
pizza pugliese	0
pumpkin cake	0
bhaji	0
ficattola	0
lumache	0
tom colicchio	0
mary sue	0
tomato grilled	0
pattor	0
salvia	0
the ground beef	0
gyro greek	0
cannelloni	0
pea mezzaluna	0
trippa alla romana	0
nebbiolo	0
cannelloni al ragù	0
pollo supremo	0
aceto dolce	0
cozze ripiene	0
italian cuisine	0
pub crawl	0
butter basil	0
el hefe	0
prawn malai curry	0
machher jhol	0
carciofi	0
dobos of trieste	0
bhelpuri	0
nocciolini di canzo	0
greek food	0
pastiera	0
makka poha	0
sparkling wine	0
montepulciano d'abruzzo	0
golden raisins	0
tiramisù	0
marzotica	0
speck alto adige pgi	0
anisette	0
spaghetti alla puttanesca	0
tartufo	0
sev tameta	0
risi e bisi	0
desert inn	0
negroamaro	0
puli sadam	0
ricotta salata	0
robiola	0
sardele in saor	0
thalipeeth	0
pista petha	0
prosciutto cotto	0
mozzarella and onions	0
farfalle	0
spiedini ai frutti di mare	0
spaghetti al nero di seppia	0
kofta	0
crauti sauerkraut	0
scallops risotto	0
horioh maas	0
ligurian pesto	0
south indian	0
calzone	0
koldil duck	0
sarde arraganate	0
cotoletta alla petroniana	0
maasor tenga	0
ciriola	0
preserved in vinegar or	0
shakarpara	0
golden nugget	0
crostoli	0
santa monica	0
pizza ai frutti di mare	0
ragù alla bolognese	0
chana masala	0
insalata di riso	0
chapathi	0
bilahi maas	0
trottole	0
langhe	0
hummus pita	0
ponganalu	0
mirchi bajji	0
gulab jamun	0
formai de mut dell'alta valle brembana	0
frida kahlo	0
sicilian snail soup	0
ennai kathirikkai	0
coffee bean	0
pita feta	0
fonduta	0
artichokes and anchovy pizza	0
keri no ras	0
tortellini	0
pizza siciliana	0
palak paneer	0
steak florentine	0
garganelli	0
sausage ricotta	0
kanafeh	0
rogan josh	0
vezione verro	0
cake chocolate	0
the indian sampler	0
scampi gratinati	0
calamari ripieni	0
alambre	0
rasmalai	0
frutti di bosco	0
penne all'arrabbiata	0
zucchine	0
riso valdostano	0
thai chinese	0
tommy bahama	0
carpaccio polenta	0
gattinara	0
linguine with clam sauce	0
polpettine di mare	0
focaccia al rosmarino	0
pizza with mushroom and sausage	0
bucatini alla sorrentina	0
burrata	0
porcaloca	0
shrimp saganaki	0
basil butter	0
tabouli	0
zoes feta	0
ciaccino	0
arbi masala	0
tortilla soup	0
namkeen	0
penne all arrabbiata	0
flatbread pizza	0
butternut tortellini	0
funghi	0
pasta butternut	0
frank sinatra	0
brodetto di arselle	0
beef lula	0
po boy	0
tiella di riso, patate e cozze	0
montasio	0
rajma chaval	0
spaghetti aglio olio e peperoncino	0
bouillabaisse	0
malapua	0
snow fungus soup	0
barolo	0
a greek salad	0
sfogliatelle	0
halvasan	0
pizzelle	0
agliata	0
falafel pita	0
aloo matar	0
minestra di ceci	0
violino valtell	0
pimenton sauce	0
mozzarelline fritte	0
caprese	0
formadi frânt e formadi salât	0
acciughe	0
kombdi vade	0
gay bar	0
limone	0
luchi	0
home depot	0
til pitha	0
paruppu sadam	0
melanzane	0
jalebi	0
formadi frânt e formadi salat	0
pesaha appam	0
burger fries	0
ossobuco	0
chorafali	0
masala dosa	0
merguez	0
asparagi	0
fontina	0
maltagliati	0
casatiello	0
ghebar or ghevar	0
basil onion	0
vegetable jalfrezi	0
grumello	0
grana padano	0
brown butter	0
casiello	0
stigghiola	0
mount everest	0
chicory	0
beach house	0
albana	0
crop circle	0
valcalepio	0
mexico city	0
squacquerone	0
ziti	0
crescentina	0
spaghetti all' aglio	0
risotto allo zafferano con petto d'anatra	0
speck friulano	0
kulfi falooda	0
pizza delivery	0
pignolata	0
aloo paratha	0
fritata di bianchetti	0
bikaneri bhujia	0
pohe	0
hazelnut chocolates or spread	0
chaat	0
octopus chickpeas	0
pane toscano	0
pathiri	0
rigatoni	0
speck alto adige	0
pizza ai funghi e salsiccia	0
amatriciana	0
sachima	0
capicollo	0
greek yogurt labneh	0
strucoli or strudel	0
grancevola alla veneziana	0
fasolada	0
persian rice	0
koshimbir	0
bistecca alla fiorentina	0
hors d'oeuvres	0
dhokla	0
masala puri	0
trofie al pesto	0
hospitality industry	0
dessert wine	0
moroccan couscous	0
gutturnio	0
casècc	0
golden corral	0
lardo	0
pizza funghi e salsiccia	0
boreto alla graisana	0
of the hummus	0
spinach pie	0
tabor	0
pitigliano	0
grand marnier	0
torgiano	0
sciusceddu	0
pita hummus	0
valdinievole	0
fig flatbread	0
modak	0
ceci	0
gulash	0
san daniele ham	0
braised pork shoulder	0
mexican american	0
turkish coffee	0
alloro	0
namakpara	0
ricotta rifatta	0
cooked ham	0
wine bottle	0
coppia ferrarese	0
spumante brut	0
anguilla marinata	0
cucumber yogurt	0
air-dried salted beef	0
chapati	0
sbroscia bolsenese	0
agghiotta di lumache	0
origano	0
agnolotti	0
carne al piatto	0
sakinalu	0
impanata di pesce spada	0
greek salad	0
murazzano	0
acquacotta	0
french bean aloo	0
cotechino modena	0
arnold palmer	0
nandu omelette	0
haq maas	0
copra paak	0
shukto	0
poornalu	0
royal beef	0
chicken razala	0
saganaki	0
minestra di pasta con pesce	0
bharwein karela	0
osso buco	0
ai frutti di mare	0
pecorino friulano	0
quartirolo	0
kansar	0
sarde a beccafico	0
sooji halwa	0
sauce garlic	0
salad feta	0
taralli	0
buddha's delight	0
leche shake	0
idiappam	0
wine cooler	0
rucola	0
ginestrata	0
semifreddo	0
risotto saltato	0
cappellini	0
alain ducasse	0
ovada	0
prosciutto crudo	0
chianti	0
nipozzano	0
doodhpak	0
goja	0
marinated eel	0
dessert chocolate	0
tortelloni ricotta and spinach	0
squid octopus	0
risotto con la lüganega	0
capesante alla veneziana	0
strascinati	0
ricotta ravioli	0
eggplant dip	0
carbonara	0
vin santo	0
baccala fritto	0
cocoa powder	0
chole bhatura	0
chole bhature	0
litti chokha	0
sarson da saag	0
manda pitha	0
asiago	0
stoccafisso alla genovese	0
breads olive	0
small garden fruits	0
truffle mashed	0
irish bar	0
lamb rice	0
mt everest	0
marzolino	0
pesarattu	0
monte veronese	0
amritsari kulcha	0
cevapcici	0
rosmarino	0
penia	0
ciarduna	0
gubana	0
crocetta of caltanissetta	0
risotto indivia e fiori di zucca	0
mishti doi	0
gyros	0
trofie	0
chen wok	0
testarolo	0
panforte	0
grissini torinesi	0
ragu alla salsiccia	0
peperoncino	0
spaghetti all aglio olio e peperoncino	0
chakri	0
ciabusco	0
sformato al basilico	0
tagliatelle al sugo di lepre	0
mutton biryani	0
prosciutto e melone	0
kali dal	0
coq au vin	0
tumazzu	0
babà	0
gobhi paratha	0
uppittu	0
tonno sottolio	0
buccellato	0
minestra di fagioli	0
chicken kabob	0
emeril lagasse	0
ghugni	0
rice salad	0
pizza ai quattro formaggi	0
mgm grand	0
pesce spada arrosto in salmoriglio	0
tex mex	0
malloreddus	0
sassella	0
nervetti	0
bresaola	0
glazed chicken lavosh pizza	0
branzino al sale	0
shrikhand	0
shahi paneer	0
gyro meat	0
seppie ripiene	0
basundi	0
pizza romana	0
perciatelli	0
california pizza kitchen	0
dahi vada	0
bhindi masala	0
scamorza	0
tonno sott'olio	0
lauki ke kofte	0
mangalore bajji	0
service stars	0
pinzimonio	0
olive and anchovy	0
sogliole alla mugnaia	0
cotechino friulano	0
giuncata	0
risotto alla milanese or risotto with saffron	0
belly dancing	0
cozze alla tarantina	0
wheat pita	0
bharwaan tinde	0
papadum	0
dulce de leche shake	0
squash ravioli	0
carema riserva	0
chili parotha	0
octopus grilled	0
filetti di baccalà	0
maria maria	0
lambrusco	0
prickly pear	0
keerai sadam	0
squash pasta	0
bag of tortilla chips	0
moroccan pastry	0
taj mahal	0
aloo tikki	0
singhada halwa	0
prosciutto flatbread	0
pecorino sardo	0
the polenta	0
monferrato	0
blind pig	0
riso tonnato	0
feta fries	0
kumol sawul	0
vino nobile di montepulciano	0
tiella di riso patate e cozze	0
bucatini all'amatriciana	0
colli apuani	0
aceto balsamico	0
sabudana vada	0
paneer butter masala	0
yelumincham sadam	0
acciughe in carpione	0
sukhdi	0
verduzzo friulano	0
kheer	0
gajar halwo	0
patatas bravas	0
business casual	0
olive spreads	0
rigatoni con la pajata	0
olives entrees	0
south asian	0
zuppa di pesce	0
pecorino romano	0
sangiovese	0
makki di roti	0
filetti di baccala	0
swiss chard	0
bonda	0
filetti di orata al cartoccio	0
emmer	0
barg koobideh	0
chick fil a	0
cannelloni ai carciofi	0
house made mozzarella	0
photo booth	0
cotechino friulano or muset	0
standard italian	0
piadina	0
south indian cuisine	0
veg kolhapuri	0
pizza express	0
bengena pitika	0
risotto di seppie alla veneziana	0
kos kootu	0
salame	0
fagioli	0
pizza alla napoletana	0
misi roti	0
watermelon panzanella	0
aglianico del taburno	0
mooncake	0
vada pav	0
paglia e fieno	0
samose	0
kati roll	0
brie and apple	0
saffron rice	0
tacconi	0
rice basmati	0
maccheroni	0
vadai	0
missultin e polenta	0
chicken tikka masala	0
dal bhatti	0
gorgonzola pizza	0
muthiya	0
risotto al gorgonzola	0
carnitas bowl	0
flatbread prosciutto	0
ciccillo	0
aam papad	0
risotto alla marinara	0
crespelle	0
khichdi	0
pantua	0
custoza	0
ricotta affumicata	0
new york style pizza	0
puri bhaji	0
utappam	0
gobi manchurian	0
baccala alla vicentina	0
grilled halloumi	0
lemon basil shrimp and pasta	0
cookie dessert	0
payasam	0
aappam	0
schiopettino	0
rasya muthia	0
la favorita	0
mentuccia	0
squash tortelli	0
daal dhokli	0
campi flegrei	0
bolgheri	0
sev khamani	0
zuppa inglese	0
chicago style pizza	0
gavvalu	0
baingan bharta	0
offelle	0
dosa	0
food kabobs	0
michetta	0
four cheese pizza	0
pootharekulu	0
sunga pork	0
tikka masala	0
alici marinate	0
kabob rice	0
crostata	0
sardinian pasta	0
pablo picasso	0
italian american	0
butirro	0
torta bertolina	0
enchiladas and tacos	0
green chile sauce	0
aloo baingan	0
papri chaat	0
sarde grigliate	0
upmaa	0
chitranna	0
fiano di avellino	0
panzanella	0
trebbiano	0
triglie alla livornese	0
risotto con scamorza e champagne	0
riso e indivia	0
spanakopita	0
pashti	0
scampi a zuppetta	0
double ka meetha	0
cetrioli	0
shondesh	0
tzatziki sauce	0
medicine man	0
mediterranean cuisine	0
amti	0
uttapam	0
rava dosa	0
parmigiano reggiano	0
bhakri	0
the chicken shawarma and	0
marsala	0
baba ganoush	0
mek bqad	0
rice kabob	0
truffle cheese	0
daal baati churma	0
trenette	0
sarde con origano e pane	0
tapenade olives	0
lilva kachori	0
fragole	0
palak daal	0
sambar	0
ilish bhape	0
sauvignon blanc	0
braciole	0
keerai kootu	0
sarva pindi	0
bhatura	0
canestrato pugliese	0
coda alla vaccinara	0
ragu alla bolognese	0
kori rotti	0
grignolino	0
fettucine alfredo	0
montalcino	0
mac n' cheese	0
tigella	0
the chicken shawarma	0
juvar no rotlo	0
gorgonzola	0
garmugia	0
baccalà alla vicentina	0
struffoli	0
maddur vada	0
monte cristo	0
mascarpone guanciale mashed potatoes	0
